연번,시도,시군구,선별진료소,전화번호,검체가능,주소,위도,경도
1,서울,강남구,강남구보건소,02-3423-5555,Y,서울특별시 강남구 선릉로 668 (삼성동),37.51631968,127.0423148
2,서울,강남구,삼성서울병원,02-3410-2114,Y,"서울특별시 강남구 일원로 81 (일원동, 삼성의료원)",37.49034451,127.0895902
3,서울,강남구,연세대학교의과대학강남세브란스병원,02-2019-3114,Y,"서울특별시 강남구 언주로 211, 강남세브란스병원 (도곡동)",37.49280599,127.0463104
4,서울,강동구,강동경희대학교의대병원,02-440-7000,Y,서울특별시 강동구 동남로 892 (상일동),37.55317036,127.156964
5,서울,강동구,강동구보건소,02-3425-8565,Y,서울특별시 강동구 성내로 45 (성내동),37.52954199,127.1255855
6,서울,강동구,한국보훈복지의료공단중앙보훈병원,02-2225-1114,Y,서울특별시 강동구 진황도로61길 53 (둔촌동),37.52846375,127.1479256
7,서울,강북구,강북구보건소,02-901-7706 02-901-7704,Y,"서울특별시 강북구 한천로 897 (번동, 강북보건소,번2동주민센터)",37.6318813,127.0390622
8,서울,강서구,강서구보건소,02-2600-5868,Y,"서울특별시 강서구 공항대로 561 (염창동, 강서보건소)",37.5496484,126.8682802
9,서울,강서구,이화여자대학교의과대학부속서울병원,1522-7000,Y,"서울특별시 강서구 공항대로 260, 이화여자대학교 제2부속병원 (마곡동)",37.55726286,126.8362668
10,서울,관악구,관악구보건소,02-879-7131,Y,서울특별시 관악구 관악로 145 (봉천동),37.47821067,126.9515012
11,서울,관악구,에이치플러스양지병원,02-1877-8875,Y,"서울특별시 관악구 남부순환로 1636, 양지병원 (신림동)",37.48436933,126.9325655
12,서울,광진구,광진구보건소,02-450-1937,Y,서울특별시 광진구 자양로 117 (자양동),37.5385399,127.0819124
13,서울,광진구,광진구보건소 자양보건지소,02-450-7090,N,서울특별시 광진구 아차산로24길 17 ,37.54026343,127.0651093
14,서울,광진구,건국대학교병원,02-1588-1533,Y,서울특별시 광진구 능동로 120-1 (화양동),37.54123563,127.0720558
15,서울,구로구,구로구보건소,02-860-2013~2015,Y,"서울특별시 구로구 구로중앙로28길 66 (구로동, 구로5동 주민센터, 구로구보건소)",37.50010311,126.8893378
16,서울,구로구,고려대학교의과대학부속구로병원,02-2626-1114,Y,"서울특별시 구로구 구로동로 148, 고려대부속구로병원 (구로동)",37.49117964,126.8846377
17,서울,구로구,구로성심병원,02-2067-1500,Y,서울특별시 구로구 경인로 427,37.49964687,126.8663582
18,서울,금천구,금천구보건소,02-2627-2717,Y,"서울특별시 금천구 시흥대로73길 70 (시흥동, 금천구보건소)",37.45706565,126.8960369
19,서울,금천구,희명병원,02-2219-7231,Y,서울특별시 금천구 시흥대로 244,37.45567154,126.9005625
20,서울,노원구,노원구보건소,02-2116-4342~4,Y,서울특별시 노원구 노해로 437 (상계동),37.65451904,127.0562972
21,서울,노원구,노원을지대학교병원,02-970-8000,Y,"서울특별시 노원구 한글비석로 68, 을지병원 (하계동)",37.63655985,127.0695917
22,서울,노원구,인제대학교상계백병원,02-950-1114,Y,"서울특별시 노원구 동일로 1342, 상계백병원 (상계동)",37.64858199,127.0631157
23,서울,도봉구,도봉구보건소,02-2091-4483,Y,"서울특별시 도봉구 방학로3길 117 (쌍문동, 도봉보건소)",37.6579418,127.0388316
24,서울,동대문구,동대문구보건소,02-2127-4283,Y,서울특별시 동대문구 천호대로 145 (용두동),37.57439172,127.0398966
25,서울,동대문구,경희대학교병원,02-958-8114,Y,서울특별시 동대문구 경희대로 23 (회기동),37.59377621,127.0507417
26,서울,동대문구,삼육서울병원,1577-3675,Y,서울특별시 동대문구 망우로 82 (휘경동),37.58621194,127.0635533
27,서울,동대문구,서울특별시동부병원,02-920-9118~9,Y,서울특별시 동대문구 무학로 124 ,37.57535399,127.0315127
28,서울,동대문구,서울성심병원,02-966-1616,Y,서울 동대문구 왕산로 259,37.58418905,127.0498198
29,서울,동작구,동작구보건소,02-820-9465,Y,서울특별시 동작구 장승배기로10길 42 (상도동),37.50444553,126.9410884
30,서울,동작구,보라매병원,02-870-2114,Y,서울특별시 동작구 보라매로5길 20 (신대방동),37.49301375,126.9243325
31,서울,마포구,마포구보건소,02-3153-9004~7,Y,"서울특별시 마포구 월드컵로 212 (성산동, 마포구보건소)",37.56631284,126.9016157
32,서울,서대문구,서대문구보건소,02-330-8726,Y,서울특별시 연희로 242,37.5786098,126.9362749
33,서울,서대문구,학교법인연세대학교의과대학세브란스병원,1599-1004,Y,서울특별시 서대문구 연세로 50-1 (신촌동),37.56140578,126.9408234
34,서울,서초구,서초구보건소,02-2155-8093,Y,서울특별시 서초구 남부순환로 2584 (서초동),37.48362486,127.032683
35,서울,서초구,학교법인가톨릭학원가톨릭대학교서울성모병원,02-1588-1511,Y,서울특별시 서초구 반포대로 222 (반포동),37.50239362,127.0058606
36,서울,서초구,서울특별시 어린이병원,02-570-8000,Y,서울특별시 서초구 헌릉로 260,37.45571728,127.0688514
37,서울,성동구,성동구보건소,02-2286-7172,Y,서울특별시 성동구 마장로23길 10 (홍익동),37.56708005,127.0332143
38,서울,성동구,한양대학교병원,02-2290-8114,Y,서울특별시 성동구 왕십리로 222-1 (사근동),37.55863654,127.0456282
39,서울,성동구,성동군자의원,02-499-7785,Y,서울특별시 성동구 광나루로 323 2층,37.54842222,127.0656509
40,서울,성북구,성북구보건소,02-2241-6022,Y,서울특별시 성북구 화랑로 63 (하월곡동),37.60271066,127.0395333
41,서울,성북구,(학)고려대학교의과대학부속병원(안암병원),02-1577-0083,Y,"서울특별시 성북구 고려대로 73, 고려대병원 (안암동5가)",37.58711097,127.0263572
42,서울,송파구,송파구보건소,02-2147-3478~9,Y,서울특별시 송파구 올림픽로 326 (신천동),37.51447718,127.10586
43,서울,송파구,재단법인아산사회복지재단서울아산병원,02-3010-3114,Y,"서울특별시 송파구 올림픽로43길 88, 서울아산병원 (풍납동)",37.52515748,127.109524
44,서울,송파구,경찰병원,"02-3400-1114
(야간 및 주말 미운영)",Y,서울특별시 송파구 송이로 123,37.49641457,127.1234875
45,서울,양천구,양천구보건소,02-2620-3856,Y,서울특별시 양천구 목동서로 339 (신정동),37.51770616,126.8657394
46,서울,양천구,서울특별시 서남병원,1566-6688,Y,서울특별시 양천구 신정이펜1로 20,37.51202035,126.8331315
47,서울,양천구,이화여자대학교의과대학부속목동병원,02-1666-5000,Y,서울특별시 양천구 안양천로 1071 (목동),37.53698185,126.8867439
48,서울,양천구,홍익병원,02-2600-0620,Y,서울 양천구 목동로 225 ,37.52848172,126.8636405
49,서울,영등포구,영등포구보건소,02-2670-4953,Y,"서울특별시 영등포구 당산로 123 (당산동3가, 영등포구청)",37.52596316,126.8963671
50,서울,영등포구,한림대학교강남성심병원,02-829-5114,Y,"서울특별시 영등포구 신길로 1 (대림동, 강남성심병원)",37.49324974,126.9086739
51,서울,영등포구,가톨릭대학교 여의도성모병원,02-1661-7575,Y,서울특별시 영등포구 63로 10,37.51827081,126.9367298
52,서울,영등포구,성애의료재단성애병원,02-840-7114,Y,"서울특별시 영등포구 여의대방로53길 22 (신길동, 성애병원)",37.51205054,126.9223691
53,서울,영등포구,명지성모병원,02-829-7800,N,서울특별시 영등포구도림로 156,37.49385008,126.8992537
54,서울,용산구,용산구보건소,"02-2199-8378, 8379",Y,"서울특별시 용산구 녹사평대로 150 (이태원동, 용산구종합행정타운)",37.53245229,126.9904788
55,서울,용산구,순천향대학교 부속 서울병원,02-709-9114,Y,서울특별시 용산구 대사관로 59 (한남동),37.53428084,127.003878
56,서울,은평구,은평구보건소,02-351-8640,Y,서울특별시 은평구 은평로 195 (녹번동),37.60245742,126.9288229
57,서울,은평구,서울특별시립 서북병원,02-3156-3022,Y,서울특별시 은평구 갈현로7길 49,37.60435678,126.9056642
58,서울,은평구,서울특별시 은평병원,02-300-8060,Y,서울특별시 은평구 백련산로 90,37.59397026,126.9232106
59,서울,은평구,가톨릭대학교 은평성모병원,02-958-2114,Y,서울특별시 은평구 통일로 1021 (진관동),37.6336094,126.9161525
60,서울,은평구,청구성심병원,383-0129,Y,서울 은평구 통일로 873,37.6207901,126.9195527
61,서울,종로구,종로구보건소,02-2148-3557,Y,서울특별시 종로구 자하문로19길 36 (옥인동),37.58183053,126.9692258
62,서울,종로구,강북삼성병원,02-2001-2001,Y,서울특별시 종로구 새문안로 29 (평동),37.56886773,126.9678127
63,서울,종로구,서울적십자병원,02-2002-8650,Y,서울시 종로구 평동 164,37.56734976,126.9669491
64,서울,종로구,서울지구병원,02-397-2018,Y,서울시 종로구 삼청로10길 13(삼청동),37.58744643,126.9824581
65,서울,중구,인제대학교서울백병원,02-2270-0114,Y,서울특별시 중구 마른내로 9 (저동2가),37.56482781,126.98867
66,서울,중구,중구보건소,02-3396-5181,Y,서울특별시 중구 다산로39길 16 (무학동),37.56458574,127.0150951
67,서울,중랑구,중랑구보건소,02-2094-0800,Y,서울특별시 중랑구 봉화산로 179 (신내동),37.60656359,127.0927248
68,서울,중랑구,서울의료원,02-2276-8333,Y,서울특별시 중랑구 신내로 156,37.61309131,127.099187
69,부산,강서구,강서구보건소,051-970-3415,Y, 강서구 공항로811번길 10,35.18023609,128.9572955
70,부산,강서구,갑을녹산병원,051-974-8449,Y, 강서구 녹산산단 321로 24-8,35.09056604,128.8533125
71,부산,금정구,금정구보건소,051-519-5051,Y, 금정구 중앙대로 1777,35.24205404,129.0924545
72,부산,금정구,세웅병원,051-500-9700,Y,부산광역시 금정구 서동로 162(서동),35.21443315,129.104077
73,부산,기장군,동남권원자력의원,051-720-5114,Y,기장군 장안읍 좌동길40,35.3218427,129.2443307
74,부산,기장군,기장군보건소,051-709-4796,Y,기장군 기장읍 기장대로 560,35.24348158,129.222956
75,부산,기장군,기장병원,051-723-0171,N,기장군 기장읍 대청로72번길 6,35.23581176,129.2167551
76,부산,남구,남구 보건소,051-607-6460,Y, 남구 못골로 23(대연동),35.13606784,129.0849507
77,부산,남구,부산성모병원,051-933-7119,Y, 남구 용호로 232번길 25-14,35.11051609,129.1091865
78,부산,동구,봉생병원,051-664-4000,Y,부산 동구 중앙대로401,35.13086197,129.0505616
79,부산,동구,동구보건소,051-440-6500,Y,부산 동구 구청로 1 (수정동),35.12929757,129.0452982
80,부산,동구,좋은문화병원,051-644-2002,Y,부산광역시 동구 범일로 119(범일동),35.14078971,129.0590486
81,부산,동래구,대동병원,051-554-1233,Y,동래구 충렬대로 187 (명륜동),35.20430756,129.0802018
82,부산,동래구,동래구보건소,051-555-4000,Y, 동래구 명륜로187번길 56 (명륜동) ,35.21141256,129.0798533
83,부산,부산진구,인제대학교부산백병원,051-890-8933,Y,부산진구 복지로 75,35.14645348,129.0205712
84,부산,부산진구,부산진구보건소,051-645-4000,Y,부산진구 황령대로8번길 36,35.14611714,129.0597206
85,부산,부산진구,온종합병원,051-607-0139,N,부산진구 가야대로 721,35.15785098,129.0498802
86,부산,부산진구,동의병원,051-850-8777,N,부산진구 양정로 62,35.169949,129.0759208
87,부산,부산진구,춘해병원,051-608-0119,N,부산진구 중앙대로 605,35.1469497,129.0583806
88,부산,북구,북구보건소,051-309-4500,Y,북구 금곡대로 348,35.23929465,129.0144164
89,부산,북구,의료법인 인당의료재단 부민병원,051-330-3298~9,Y,북구 만덕대로 59,35.21196445,129.011216
90,부산,북구,구포성심병원,051-330-2001,N,부산 북구 낙동대로 1786(구포동) ,35.20967278,129.0045732
91,부산,사상구,사상구보건소,051-310-4791,Y,사상구 학감대로 242,35.15255072,128.9914561
92,부산,사상구,좋은삼선병원,051-322-0900,Y,사상구 가야대로 326 (주례동),35.15015109,129.0078086
93,부산,사상구,부산보훈병원,051-601-6000,Y,부산 사상구 백양대로 420(주례동),35.15289186,129.0082523
94,부산,사하구,사하구보건소,051-220-5741,Y,하신번영로127번길 2(신평동),35.09415672,128.9595528
95,부산,서구,서구 보건소,051-242-4000,Y,부용로 30,36.31095109,127.4308667
96,부산,서구,동아대학교병원,051-240-2400,Y,서구 대신공원로 26,35.11954591,129.0180242
97,부산,서구,고신대학교복음병원,051-990-3233,Y,서구 감천로 262,35.08107807,129.0145128
98,부산,서구,삼육부산병원,051-600-7575,Y,서구 대티로 170,35.11206562,129.0109763
99,부산,수영구,좋은강안병원,051-625-0900,Y, 수영구 수영로 493,35.15017251,129.1106007
100,부산,수영구,수영구보건소,051-752-4000,Y, 수영구 수영로 637-5,35.1624774,129.1134882
101,부산,수영구,비에이치한서병원,051-756-0081,Y,수영구 수영로 615,35.16104695,129.1128819
102,부산,연제구,연제구보건소,051-665-4781,Y,연제구 연제로 2,35.17621174,129.0797456
103,부산,영도구,영도구보건소,051-419-4931,Y, 영도구 태종로 423,35.09121745,129.0679105
104,부산,영도구,영도병원,051-419-7881,Y,부산시 영도구 태종로 85,35.092242,129.0405264
105,부산,영도구,해동병원,051-410-6682,Y,부산시 영도구 태종로 133(봉래동 3가),35.09193659,129.0438639
106,부산,중구,중구 보건소,051-600-4741,Y,중구 중구로 120,35.10619725,129.0323514
107,부산,중구,메리놀병원,"(주간) 051- 461-2348
(야간) 051- 461-2300",Y,중구 중구로 121,35.10765062,129.0329882
108,부산,해운대구,해운대구보건소,051-746-4000,Y,해운대구 양운로37번길 59,35.1641127,129.1786594
109,부산,해운대구,해운대부민병원,051-602-8000,Y,해운대구 해운대로584,35.1614208,129.1556545
110,부산,해운대구,인제대학교해운대백병원,051-797-0119,Y,해운대구 해운대로 875,35.17325948,129.1821639
111,대구,남구,영남대학교병원,"053-623-8001
053-620-3332",Y,대구시 남구 현충로 170(대명동),35.84767574,128.5841726
112,대구,남구,대구 가톨릭대학교병원,053-650-3000,Y,대구시 남구 두류공원로17길33(대명동),35.84418752,128.5658232
113,대구,남구,남구보건소,"053-664-3582
053-664-3583",Y,대구시 남구 영선길 34 ,35.85389994,128.5915237
114,대구,남구,드림병원,053-640-8800,Y,대구 남구 대명로 153,35.83961417,128.5744644
115,대구,달서구,달서구보건소,"053-667-5754
053-667-3123",Y,대구광역시 달서구 학산로 45,35.82991552,128.5328356
116,대구,달서구,계명대학교 동산병원,053-258-6879,Y,대구 달서구 달구벌대로 1035(신당동),35.85388564,128.4801315
117,대구,달서구,의료법인구의료재단 구병원,053-560-9114,Y,대구광역시 달서구 감삼북길 141,35.85068232,128.5413834
118,대구,달서구,삼일병원,053-659-3100,Y,대구광역시 달서구 월배로 446,35.83316822,128.5542408
119,대구,달서구,세강병원,053-215-6200,Y,대구 달서구 구마로 220,35.83664298,128.5516956
120,대구,달성군,달성군보건소,"053-668-3121
053-668-3114",Y,대구 달성군 현풍읍 비슬로130길 17 ,35.69481692,128.4403214
121,대구,동구,대구파티마병원,"1688-7770
053-940-7098",Y,대구시 동구 아양로 99(심암동),35.88384919,128.6229916
122,대구,동구,동구보건소,"053-662-3225
053-662-3274",Y,대구광역시 동구 동촌로 79 ,35.88812209,128.6512166
123,대구,북구,북구보건소,"053-665-2756
053-665-2760",Y,대구광역시 북구 성북로 49,35.89187925,128.588897
124,대구,북구,대구가톨릭대학교 칠곡가톨릭병원,053-320-2186,Y,대구광역시 북구 칠곡중앙대로 440,35.93491669,128.5492912
125,대구,서구,서구보건소,"053-663-3176, 053-663-3178",Y,(703-701)대구 서구 국채보상로 257,35.87232204,128.5592893
126,대구,수성구,수성구보건소,"053-666-3264, 053-666-3266",Y,대구광역시 수성구 수성로 213,35.84495927,128.6119385
127,대구,중구,중구보건소,"053-661-3804, 053-661-3826",Y,대구광역시 중구 태평로 45 ,35.87790606,128.5833355
128,인천,강화군,강화군보건소,032-930-4081,Y,인천시 강화군 강화읍 충혈사로 36-1,37.73606459,126.4857297
129,인천,강화군,비에스종합병원,032-290-0001,Y,강화읍 충렬사로 31,37.73606459,126.4857297
130,인천,계양구,한림병원,032-540-9114,Y,계양구 장제로 722,37.53224703,126.7343347
131,인천,계양구,메디플렉스 세종병원,032-240-8000,Y,계양구 계양문화로 20,37.53253936,126.7368531
132,인천,계양구,계양구보건소,032-430-7821,Y,인천시 계양구 계산새로 88,37.53744056,126.7377601
133,인천,남동구,남동구보건소,032-466-3808,Y,인천시 남동구 소래로 633,37.44738839,126.7306774
134,인천,동구,의료법인성수의료재단인천백병원,032-765-7070,Y,동구 샛골로 214,37.48174084,126.645803
135,인천,동구,동구보건소,032-770-5700,Y,동구 석수로 90,37.48303994,126.6259342
136,인천,미추홀구,현대유비스 병원,032-890-5509,Y,미추홀구 독배로 503,37.46161107,126.6430071
137,인천,미추홀구,미추홀구보건소,032-880-5311,Y,인천시 미추홀구 주안서로 25,37.46108319,126.6774234
138,인천,미추홀구,인천사랑병원,032-457-2000,Y,미추홀구 미추홀대로 726,37.46219786,126.6806843
139,인천,부평구,가톨릭대학교 인천성모병원,1544-9004,Y,부평구 동수로 56,37.48413218,126.7252071
140,인천,부평구,부평세림병원,032-524-0591,Y,부평구 부평대로 175,37.50674185,126.7199354
141,인천,부평구,근로복지공단 인천병원,032-500-0114,Y,부평구 무네미로 446,37.47597299,126.7540178
142,인천,부평구,부평구보건소,032-509-8200,Y,인천시 부평구 부흥로 291,37.49883389,126.724248
143,인천,서구,국제성모병원,1600-8291,Y,서구 심곡로 100번길 25,37.54234309,126.6835686
144,인천,서구,나은병원,032-584-0114,Y,서구 원적로 23,37.48905901,126.6797832
145,인천,서구,성민병원,032-726-1119,Y,서구 신석로 70,37.50979035,126.6698655
146,인천,서구,검단탑병원,032-590-0114,Y,서구 청마로 19번길 5,37.59262439,126.6707157
147,인천,서구,온누리병원,032-568-9111,Y,서구 완정로 199,37.60279608,126.6543304
148,인천,서구,서구보건소,032-560-5000,Y,인천시 서구 탁옥로 39,37.54444217,126.6739092
149,인천,연수구,나사렛 국제병원,032-899-9999,Y,연수구 먼우금로 98,37.40794902,126.6704838
150,인천,연수구,연수구보건소,032-749-8000,Y,인천시 연수구 함박뫼로 13,37.41913168,126.6711546
151,인천,연수구,인천적십자병원,032-899-4287,Y,인천시 연수구 원인재로 263,37.41841971,126.6895889
152,인천,옹진군,옹진군보건소,032-899-3130,Y,인천시 미추홀구 매소홀로 120,37.44657047,126.6367454
153,인천,옹진군,백령병원,032-836-1733,Y,옹진군 백령면 백령로 233,37.96795035,124.7210896
154,인천,중구,인천기독병원,032-270-8000,Y,중구 답동로 30번길 10,37.47117756,126.6320698
155,인천,중구,중구보건소,032-760-6050,Y,인천시 중구 참외전로72번길 21,37.47721729,126.6291077
156,인천,중구,영종보건지소,032-760-6800,Y,인천시 중구 운남서로 100-1,37.49363305,126.5309955
157,광주,광산구,광산구보건소,062-960-8859,Y,광주광역시 광산구 광산로29번길 15 (송정동),35.13964744,126.7936443
158,광주,광산구,첨단종합병원,"주 062-601-8771
야 062-601-8119",Y,광주광역시 광산구 첨단중앙로170번길 59 (쌍암동),35.22110389,126.8452961
159,광주,광산구,KS병원,062-975-9119,Y,광주광역시 광산구 왕버들로220,35.19793288,126.8331571
160,광주,남구,광주기독병원,062-650-5119,Y,광주광역시 남구 양림로 37 (양림동),35.13623251,126.9115031
161,광주,남구,남구보건소,062-607-4450,Y,"광주광역시 남구 봉선로 1 (주월동, 남구청)",35.13290647,126.9024479
162,광주,동구,동구보건소,062-608-3312,Y,광주광역시 동구 서남로 1 (서석동),35.1461417,126.9230932
163,광주,북구,광주일곡병원,062-608-7119,N,광주광역시 북구 양일로 309 (일곡동),35.20286056,126.8976065
164,광주,북구,북구보건소,062-410-8961,Y,광주광역시 북구 우치로 65 (중흥동),35.1733444,126.9121402
165,광주,서구,서광병원,"062-600-8119, 8161",Y,광주광역시 서구 금화로59번길 6 (금호동),35.13259621,126.8557328
166,광주,서구,서구보건소,062-350-4158,Y,광주광역시 서구 경열로 33 (농성동),35.15202903,126.8901122
167,대전,대덕구,대덕구보건소,042-608-5436~40,Y, 대전광역시 대덕구 석봉로 38길 55,36.44482752,127.4265513
168,대전,대덕구,대전보훈병원,"042-939-0118, 0100",Y,"대전광역시 대덕구 대청로82번길 147 (신탄진동,147)",36.44731641,127.439694
169,대전,대덕구,근로복지공단 대전병원,"(주간) 042-670-5406
(야간) 042-670-5119",Y,대덕구 계족로 637,36.36926654,127.4281175
170,대전,동구,동구보건소,042-251-6305,Y,대전광역시 동구 동구청로147(가오동),36.3120365,127.4549166
171,대전,동구,대전한국병원,042-606-1500,Y,대전광역시 동구 동서대로 1672 ,36.34817581,127.4358351
172,대전,서구,서구보건소,042-288-4500,Y, 대전광역시 서구 만년로74,36.36708849,127.3810998
173,대전,서구,건양대학교병원,042-600-9999,Y,"대전광역시 서구 관저동로 158 (관저동,(관저동))",36.30778182,127.3426468
174,대전,서구,을지대학교병원,042-259-1060,Y,"대전광역시 서구 둔산서로 95 (둔산동,(둔산동))",36.35530056,127.381988
175,대전,유성구,유성구보건소,042-611-5047,Y,대전광역시 유성구 유성대로730번길51,36.3581193,127.3354123
176,대전,유성구,유성선병원,042-609-1000,Y,"대전광역시 유성구 북유성대로 93 (지족동,(지족동))",36.37513316,127.3249905
177,대전,중구,중구보건소,042-288-8043,Y,대전광역시 중구 산성로 63,36.30802354,127.3950687
178,대전,중구,대전선병원,042-220-8114,Y,"대전광역시 중구 목중로 29 (목동,(목동))",36.33593926,127.4104197
179,대전,중구,대전성모병원,042-220-9114,Y,"대전광역시 중구 대흥로 64 (대흥동,(대흥동))",36.32199286,127.4202117
180,울산,남구,울산병원,052-259-5000,Y,울산광역시 남구 월평로171번길 13 (신정동),35.54622112,129.3231089
181,울산,남구,좋은삼정병원,052-220-7500,Y,울산광역시 남구 북부순환도로 51 (무거동),35.55282935,129.2689296
182,울산,남구,"의)정안의료재단
중앙병원",052-226-1100,Y,울산광역시 남구 문수로480번길 10 (신정동),35.53153204,129.305197
183,울산,남구,남구보건소,052-226-2805,Y,"울산광역시 남구 삼산중로 132 (삼산동, 울산남구보건소)",35.54535764,129.3363283
184,울산,동구,동구보건소,052-209-4080,Y,울산광역시 동구 봉수로 155 (화정동),35.50506971,129.41643
185,울산,북구,울산시티병원,052-280-9000,Y,울산광역시 북구 산업로 1007 (연암동),35.58281664,129.3590177
186,울산,북구,북구보건소,052-289-3450,Y,울산광역시 북구 산업로 1018 (연암동),35.58355486,129.3607106
187,울산,울주군,서울산보람병원,052-255-7114,Y,울산광역시 울주군 삼남면 중평로 53,35.56029738,129.1208518
188,울산,울주군,울주군보건소,052-265-9095,Y,울산광역시 울주군 삼남면 서향교1길 67-12,35.55836569,129.1137386
189,울산,중구,동강병원,052-241-1114,Y,울산광역시 중구 태화로 239 (태화동),35.55342305,129.3020946
190,울산,중구,중구보건소,052-290-4300,Y,울산광역시 중구 외솔큰길 225 (남외동),35.56945595,129.3504156
191,세종,,세종특별자치시보건소,044-301-2841~5,Y,세종특별자치시 조치원읍 건강길 16,36.60567621,127.296515
192,세종,,세종특별자치시보건소(충남대학교병원세종의원),044-301-2841~5,Y,세종특별자치시 가름로 238-1,36.4951837,127.2659995
193,경기,가평군,가평군보건소,031-582-2488,Y,경기도 가평군 가평읍 가화로 155-18,37.83350281,127.510601
194,경기,가평군,HJ매그놀리아국제병원,031-589-4300,Y,경기도 가평군 설악면 미사리로 267-177,37.69113843,127.5213754
195,경기,고양시,덕양구 보건소,031-8075-4059,Y,경기도 고양시 덕양구 원당로33번길 28 (주교동),37.65783738,126.8310484
196,경기,고양시,일산동구보건소,031-8075-4135,Y,"경기도 고양시 일산동구 중앙로 1228 (마두동,KT고양지사 일산동구보건소)",37.65598041,126.7761487
197,경기,고양시,일산서구보건소,031-8075-4212,Y,경기도 고양시 일산서구 일중로 54 (일산동),37.68447523,126.7757855
198,경기,고양시,인제대학교 일산백병원,031-910-7297,Y,고양시 일산서구 주화로 170,37.67427362,126.7503802
199,경기,고양시,동국대학교일산불교병원,1577-7000,Y,고양시 일산동구 동국로 27(식사동),37.67643542,126.8055645
200,경기,고양시,국민건강보험공단 일산병원,031-900-0114,Y,경기도 고양시 일산동구 일산로 100,37.64547536,126.7930402
201,경기,고양시,일산복음병원,031-929-0422,Y,경기도 고양시 일산동구 고양대로760,37.68191597,126.7800205
202,경기,과천시,과천시보건소,02-2150-3832,Y,경기도 과천시 관문로69,37.43020067,126.9867943
203,경기,광명시,광명성애병원,02-2680-7115,N,"경기도 광명시 디지털로 36 (철산동, 광명성애병원)",37.47366228,126.8713324
204,경기,광명시,광명시보건소,02-2680-2577,Y,"경기도 광명시 오리로 613 (하안동, 광명시보건소)",37.45541099,126.8781639
205,경기,광주시,광주시보건소,031-760-2359,Y,경기도 광주시 파발로 194,37.41643091,127.2507218
206,경기,광주시,참조은병원,031-881-9285,N,경기도 광주시 광주대로 45,37.41093162,127.2602411
207,경기,구리시,구리시보건소,031-550-8618,Y,"경기도 구리시 건원대로34번길 84 (인창동, 구리보건소)",37.60473625,127.1450794
208,경기,구리시,한양대학교구리병원,1644-9118,Y,경기도 구리시 경춘로 153 (교문동),37.60127502,127.1325073
209,경기,군포시,효산의료재단 지샘병원,031-389-3000,Y,"경기도 군포시 군포로 591 (당동, (G샘병원)군포샘병원)",37.35867202,126.9473165
210,경기,군포시,원광대학교 산본병원,031-390-2300,Y,경기도 군포시 산본로 321 (산본동),37.35941279,126.9336033
211,경기,군포시,군포시보건소,031-461-5464,Y,경기도 군포시 군포로 221 (부곡동),37.33304803,126.9254149
212,경기,김포시,김포우리병원,031-999-1000,Y,"경기도 김포시 감암로 11, 김포우리병원 (걸포동)",37.63299811,126.7105568
213,경기,김포시,뉴고려병원,031-998-8129,Y,"경기도 김포시 김포한강3로 283, 뉴고려병원 (장기동)",37.64095689,126.6602294
214,경기,김포시,김포시보건소,031-5186-4051,Y,경기도 김포시 사우중로 108 (사우동),37.62373439,126.7229474
215,경기,남양주시,남양주보건소,031-590-0960,Y,경기도 남양주시 경춘로 522 남양주시청 제2청사,37.61024303,127.1719612
216,경기,남양주시,남양주풍양보건소,"031-590-5371, 4059",Y,경기도 남양주시 진접읍 해밀예당1로 30-39,37.71050372,127.189459
217,경기,남양주시,남양주보건소 동부보건센터,031-590-8515,Y,경기도 남양주시 화도읍 비룡로 59,37.65784853,127.3007112
218,경기,남양주시,남양주한양병원,"031-510-0114, 031-510-0119",Y,경기도 남양주시 오남읍 양지로 47-55,37.68231759,127.2043725
219,경기,남양주시,현대병원,031-574-9118,Y,경기도 남양주시 진접읍 봉현로 21,37.71543602,127.1799019
220,경기,동두천시,동두천보건소,031-860-3395,Y,경기도 동두천시 중앙로 167 (생연동),37.89661219,127.051717
221,경기,부천시,부천시보건소,032-625-4125,Y,경기도 부천시 옥산로10번길 16,37.49426627,126.7809646
222,경기,부천시,부천시 오정보건소,032-625-8881,N,경기도 부천시 성오로 172,37.52834862,126.7960259
223,경기,부천시,순천향대학교 부천병원,032-621-5114,Y,경기도 부천시 조마루로 170 (중동),37.49837073,126.7621091
224,경기,부천시,가톨릭대학교부천성모병원,032-340-2402,Y,경기도 부천시 소사로 327,37.4874966,126.7930328
225,경기,부천시,부천세종병원,(주간) 032-340-1897 (야간) 032-340-1119,Y,경기도 부천시 호현로 489번길 28,37.48052421,126.7911668
226,경기,성남시 분당구,성남시분당구보건소,031-729-4004,Y,경기도 성남시 분당구 양현로 306,37.41107354,127.1246798
227,경기,성남시 중원구,중원구보건소,031-729-3895,Y,"경기도 성남시 중원구 금상로 137 (상대원동, 중원구보건소)",37.44215625,127.1705808
228,경기,성남시 분당구,분당제생병원,031-779-0100,Y,경기도 성남시 분당구 서현로 180번길 20,37.38820352,127.1217783
229,경기,성남시 분당구,분당차병원,031-780-5546,Y,경기도 성남시 분당구 야탑로 59,37.41046611,127.1258369
230,경기,성남시 수정구,수정구보건소,031-729-3870,Y,"경기도 성남시 수정구 수정로 218 (신흥동, 수정구보건소)",37.44432902,127.1440618
231,경기,성남시 수정구,성남시의료원,031-738-7000,Y,경기도 성남시 수정구 수정로 171번길 10,37.44498456,127.1390577
232,경기,성남시 수정구,순천의료재단정병원,031-750-6000,Y,경기도 성남시 수정구 수정로 76,37.43985891,127.1290046
233,경기,성남시 중원구,성남중앙병원,031-799-5366,Y,중원구 산성대로 476번길 12,37.45294462,127.1620011
234,경기,수원시 권선구,권선구보건소,031-228-6716,Y,경기도 수원시 권선구 호매실로 22-50 (탑동),37.2587428,126.9711297
235,경기,수원시 영통구,영통구보건소,031-228-8808,Y,경기도 수원시 영통구 영통로 396 (영통동),37.2568828,127.0697108
236,경기,수원시 장안구,장안구보건소,031-228-5715,Y,"경기도 수원시 장안구 송원로 101 (조원동, 장안구구보건소)",37.30402833,127.0103129
237,경기,수원시 팔달구,팔달구보건소,031-228-7716,Y,경기도 수원시 팔달구 팔달산로 6 (교동),37.27149964,127.0125182
238,경기,수원시 영통구,아주대학교병원,031-219-5114,Y,경기도 수원시 영통구 월드컵로 164 (원천동),37.27944695,127.0475197
239,경기,수원시 장안구,경기도의료원 수원병원,"031-888-0119, 031-888-0129",Y,경기도 수원시 장안구 수성로245번길 69 (정자동),37.2918595,126.9963807
240,경기,수원시 팔달구,성빈센트병원,1577-8588,Y,경기도 수원시 팔달구 중부대로 93 (지동),37.27792352,127.0274498
241,경기,수원시 팔달구,동수원병원,031-210-0114,Y,경기도 수원시 팔달구 중부대로 165 (우만동),37.27816751,127.0343648
242,경기,시흥시,석경의료재단 센트럴병원,031-8041-3530,Y,"경기도 시흥시 공단1대로 237 (정왕동, 센트럴 병원)",37.3368442,126.7279826
243,경기,시흥시,신천연합병원,031-310-6300,Y,시흥시 복지로 57,37.44452992,126.7893819
244,경기,시흥시,시흥시화병원,031-432-2600,Y,경기도 시흥시 옥구천서로 337,37.35292034,126.7245619
245,경기,시흥시,시흥시보건소,031-310-5813,Y,경기도 시흥시 호현로 55 (대야동),37.44558748,126.7852982
246,경기,시흥시,시흥시 정왕보건지소,031-310-5907,Y,시흥시 정왕대로 233번길  19,37.3467224,126.7401534
247,경기,안산시 단원구,단원보건소,031-481-6363,Y,경기도 안산시 단원구 화랑로 250 (초지동),37.32106776,126.8152629
248,경기,안산시 상록구,안산시상록수보건소,031-481-5894,Y,경기 안산시 상록구 차돌배기로1길 15,37.3015707,126.8450584
249,경기,안산시 단원구,고대안산병원,031-412-5400,Y,경기도 안산시 단원구 적금로 123 (고잔동),37.31885845,126.8249995
250,경기,안산시 단원구,한도병원,031-8040-1369,Y,경기도 안산시 단원구 선부광장로 103,37.33405511,126.8076194
251,경기,안산시 상록구,근로복지공단안산병원,031-500-1114,Y,"경기도 안산시 상록구 구룡로 87, 근로복지공단안산병원 (일동)",37.31678675,126.8739908
252,경기,안성시,경기도의료원 안성병원,031-8046-5000,Y,경기도 안성시 남파로 95 (당왕동),37.01735309,127.2603668
253,경기,안성시,안성성모병원,031-675-6007,Y,경기도 안성시 시장길 58 (서인동),37.00579266,127.2707021
254,경기,안성시,안성시보건소,031-678-5710,Y,경기도 안성시 강변로74번길 18 (도기동),37.00019465,127.2698172
255,경기,안양시 동안구,동안구보건소,031-8045-4472,Y,경기도 안양시 동안구 평촌대로253번길 41 (비산동),37.39297273,126.9520715
256,경기,안양시 만안구,만안구보건소,031-8045-3472,Y,경기도 안양시 만안구 문예로 48 (안양동),37.38584733,126.9329445
257,경기,안양시 동안구,한림대학교 성심병원,031-380-1500,Y,경기도 안양시 동안구 관평로170번길 22 (평촌동),37.3916512,126.9619722
258,경기,안양시 만안구,안양샘병원,031-467-9119,Y,"경기도 안양시 만안구 삼덕로 9 (안양동, 안양샘병원)",37.39289124,126.9248208
259,경기,양주시,양주시보건소,"031-8082-7094
031-8082-7120
031-8082-7130
031-8082-7144",Y,경기도 양주시 부흥로 1533 (남방동),37.78535314,127.0449131
260,경기,양평군,양평군보건소,031-770-3490,Y,경기도 양평군 양평읍 마유산로 17,37.49703508,127.4866811
261,경기,양평군,양평병원,031-770-5119,Y,경기도 양평군 양평읍 중앙로 129,37.49394768,127.5034806
262,경기,여주시,세종여주병원,031-880-7700,N,"경기도 여주시 청심로 39, 세종여주병원 (하동)",37.30147999,127.6253197
263,경기,여주시,여주시보건소,031-887-3601,Y,경기도 여주시 여흥로160번길 14 (상동),37.29460883,127.6403935
264,경기,연천군,연천군 보건의료원,031-839-4064,Y,경기도 연천군 전곡읍 은대성로 95,38.02353355,127.0609624
265,경기,오산시,오산시보건소,031-8036-6025,Y,경기도 오산시 경기동로 59 (오산동),37.15937066,127.077834
266,경기,오산시,오산한국병원,031-379-8300,Y,경기도 오산시 밀머리로1번길 16 (원동),37.14133998,127.0755038
267,경기,용인시,기흥구보건소,031-324-6975,Y,"경기도 용인시 기흥구 신갈로58번길 11 (신갈동, 기흥구 보건소)",37.27260603,127.1067678
268,경기,용인시,수지구보건소,"031-324-8451, 8452, 8453",Y,경기도 용인시 수지구 포은대로 435 (풍덕천동),37.3222219,127.0974474
269,경기,용인시,강남병원,031-300-0380/0589,Y,"경기도 용인시 기흥구 중부대로 411, 강남병원 (신갈동)",37.2735437,127.1113138
270,경기,용인시,처인구보건소,031-324-2114,Y,경기도 용인시 처인구 중부대로 1199,37.24086733,127.1779684
271,경기,용인시,영문의료재단 다보스병원,031-8021-2000,Y,"경기도 용인시 처인구 백옥대로1082번길 18, 다보스종합병원 (김량장동)",37.23154215,127.2113984
272,경기,용인시,용인세브란스병원,031-5189-9010,Y,경기 용인시 기흥구 동백죽전대로 363,37.27069822,127.1482857
273,경기,용인시,용인서울병원,031-322-0001,Y,경기도 용인시 처인구 고림로 81 ,37.24031755,127.2144905
274,경기,의왕시,의왕시보건소,031-345-3572,Y,"경기도 의왕시 오봉로 34 (고천동, 의왕시보건소)",37.34378769,126.9719938
275,경기,의왕시,아가페의료재단 시티병원,031-340-2555,Y,경기도 의왕시 오전천로 29,37.35027993,126.9767946
276,경기,의정부시,경기도의료원의정부병원 (응급실),031-828-5143,Y,경기도 의정부시 흥선로 142 (의정부동),37.74108812,127.0425536
277,경기,의정부시,의정부시보건소,031-870-6011~4,N,의정부시 범골로 131,37.73615933,127.0395595
278,경기,의정부시,가톨릭대학교 의정부성모병원,1661-7500,Y,의정부시 천보로 271,37.75865061,127.0779506
279,경기,의정부시,추병원,031-823-8063,Y,의정부시 평화로 650,37.74977986,127.0451895
280,경기,의정부시,의정부백병원,031-842-1211,Y,경기도 의정부시 금신로  322,37.74533109,127.0621424
281,경기,이천시,경기도의료원 이천병원,031-630-4200,Y,경기도 이천시 경충대로 2742 (관고동),37.28282286,127.4332383
282,경기,이천시,이천시보건소,031-635-2400,Y,경기도 이천시 증신로153번길 13 (증포동),37.28898415,127.4523317
283,경기,파주시,파주시보건소,031-940-4800,Y,경기도 파주시 후곡로 13 (금촌동),37.75634884,126.7739113
284,경기,파주시,경기도의료원 파주병원,031-940-9100,Y,"경기도 파주시 중앙로 207, 경기도립의료원파주병원 (금촌동)",37.75487967,126.7796358
285,경기,파주시,메디인병원,031-943-1191,Y,경기도 파주시 시청로 6,37.75804455,126.7748537
286,경기,평택시,의료법인 백송의료재단 굿모닝병원,031-5182-7700,Y,경기도 평택시 중앙로 338 (합정동),36.99057685,127.1204573
287,경기,평택시,의료법인 박애의료재단 박애병원,031-652-2121,Y,경기도 평택시 평택2로20번길 3 (평택동),36.99305991,127.0890771
288,경기,평택시,의료법인 양진의료재단 평택성모병원,1800-8800,Y,경기도 평택시 평택로 284 (세교동),37.00840782,127.0743384
289,경기,평택시,평택보건소,031-8024-5559,Y,경기도 평택시 평택5로 56 (비전동),36.99089576,127.1119697
290,경기,평택시,박병원,031-666-2600,Y,경기도 평택시 송탄로 33 (장당동),37.04826398,127.057004
291,경기,평택시,송탄보건소,031-8024-7236,Y,경기도 평택시 서정로 295 (이충동),37.0657141,127.0664973
292,경기,포천시,포천시보건소,031-538-3600,Y,경기도 포천시 포천로 1612 (신읍동),37.90082612,127.2012609
293,경기,포천시,경기도의료원 포천병원,031-539-9114,Y,경기도 포천시 포천로 1648 (신읍동),37.90314867,127.1974831
294,경기,포천시,소흘보건지소,031-538-4486,Y,경기도 포천시 소흘읍 호국로 567,37.82349671,127.1384307
295,경기,하남시,하남시보건소,031-790-6555,Y,경기도 하남시 대청로 10 (신장동),37.53921779,127.2147682
296,경기,화성시,화성중앙종합병원,031-371-8080,Y,경기도 화성시 향남읍 발안로 5,37.1313512,126.9107797
297,경기,화성시,화성시보건소,031-5189-1200,Y,경기도 화성시 동탄산단7길 60,37.17687645,127.0865637
298,경기,화성시,화성시보건소 동탄보건지소,031-5189-1200,Y,경기도 화성시 노작로 226-9,37.2070698,127.0786007
299,경기,화성시,동탄성심병원,1522-2500,Y,경기도 화성시 큰재봉길 7,37.21651415,127.0799502
300,경기,화성시,원광종합병원,031-8077-7219,Y,경기 화성시 화산북로 21 ,37.21006294,127.0080364
301,경기,화성시,남양디에스병원,031-5180-7777,Y,경기도 화성시 남양읍 시청로160번길 46-13,37.19923124,126.8257097
302,강원,강릉시,강릉아산병원,033-610-4111,Y,강원도 강릉시 사천면 방동길 38,37.81840172,128.8578297
303,강원,강릉시,강릉동인병원,033-651-6161,Y,"강원도 강릉시 강릉대로419번길 42-  (포남동, (포남동))",37.77443288,128.9071825
304,강원,강릉시,강릉고려병원,033-649-0333,Y,"강원도 강릉시 옥가로 30-  (옥천동,30)",37.75901128,128.8998644
305,강원,강릉시,강릉시보건소,033-660-3050,Y,강원도 강릉시 남부로17번길 38 (내곡동),37.74280913,128.8827493
306,강원,고성군,고성군보건소,033-681-4000,Y,강원도 고성군 간성읍 수성로 30,38.37761707,128.4721407
307,강원,동해시,동해시보건소,033-530-2402,Y,강원 동해시 천곡동 840,37.52281646,129.117071
308,강원,동해시,동해동인병원,033-530-0119,Y,"강원도 동해시 하평로 26-  (평릉동, (평릉동))",37.53058809,129.1071335
309,강원,동해시,근로복지공단 동해병원,033-530-3119,Y,강원도 동해시 하평로 11,37.53225859,129.1059685
310,강원,삼척시,삼척의료원,"(주간) 033-570-7545
(야간) 033-570-7431",Y,"강원도 삼척시 오십천로 418 (남양동,(남양동))",37.4403269,129.1633429
311,강원,삼척시,삼척시보건소,033-570-4649,Y,"강원도 삼척시 척주로 76 (남양동, 삼척시보건소)",37.44375026,129.1722013
312,강원,속초시,속초시보건소,033-639-2924,Y,강원도 속초시 교동 980(수복로 36),38.19615803,128.575905
313,강원,속초시,강원도속초의료원,"(주간) 033-630-6190
(야간) 033-630-6122",Y,"강원도 속초시 영랑호반길 3-  (영랑동, (영랑동))",38.21591429,128.5875889
314,강원,속초시,속초보광병원,"(주간) 033-639-8557
(야간) 033-639-8988",Y,속초시 중앙로 11 ,38.19809841,128.5787327
315,강원,양구군,양구군보건소,"(주간) 033-480-2791
(야간) 033-480-2550",Y,강원 양구군 양구읍 하리 34-5 ,38.11012038,127.9905807
316,강원,양구군,의료법인 성심의료재단 양구성심병원,033-480-8800,Y,강원도 양구군 양구읍 중심로 160 (160),38.10471746,127.9912082
317,강원,양양군,양양군보건소,"(주간) 033-670-2119
(야간) 033-670-2880",Y,강원도 양양군 양양읍 양양로 9-5,38.07784423,128.6274852
318,강원,영월군,강원도영월의료원,033-370-9129,Y,강원도 영월군 영월읍 중앙1로 59,37.18649634,128.4657014
319,강원,영월군,영월군보건소,033-370-2448,Y,강원도 영월군 영월읍 하송로 44,37.18437244,128.4636197
320,강원,원주시,연세대학교 원주세브란스기독병원,033-741-1641,Y,강원도 원주시 일산로 20-0 (일산동),37.34911764,127.9467233
321,강원,원주시,원주시보건소,033-737-4065,Y,"강원도 원주시 원일로 139, 3층 (일산동, 건강문화센터)",37.35158508,127.9467947
322,강원,원주시,강원도원주의료원,033-760-4701~2,Y,강원 원주시 서원대로 387,37.33279025,127.9490358
323,강원,인제군,인제군보건소,"(주간) 033-460-2516
(야간) 033-461-2425",Y,강원도 인제군 인제읍 인제로140번길 34,38.06327794,128.168587
324,강원,정선군,근로복지공단정선병원,033-560-7110,Y,강원도 정선군 정선읍 봉양1길 145-0 ( ),37.38324574,128.6603132
325,강원,정선군,정선군보건소,033-560-2739,Y,강원도 정선군 정선읍 녹송로 33,37.38009274,128.6714859
326,강원,철원군,철원군보건소,"033-450-5550, 5468",Y,강원도 철원군 갈말읍 군탄리 960-2,38.14821074,127.3028659
327,강원,철원군,철원병원,033-450-3321,Y,강원도 철원군 갈말읍 명성로 208-0,38.15005479,127.3076202
328,강원,춘천시,한림대학교 춘천성심병원,"(주간) 033-240-5815
(야간) 033-240-5219",Y,춘천시 삭주로 77,37.88413437,127.740809
329,강원,춘천시,춘천시보건소,"033-250-4688,
033-250-4597",Y,강원도 춘천시 중앙로 135 (중앙로3가),37.8755488,127.720219
330,강원,태백시,태백시보건소,"(주간) 033-550-2718
(야간) 033-552-4000",Y,강원도 태백시 태백로 905 (황지동),37.17663292,128.9924325
331,강원,태백시,근로복지공단 태백병원,"(주간) 033-581-6390
(야간) 033-580-3119",Y,강원도 태백시 보드미길8,37.10425639,129.0034723
332,강원,평창군,평창군보건의료원,"(주간) 033-330-4877
(야간) 033-330-4800",Y,강원도 평창군 평창읍 노성로 11,37.36894373,128.3907514
333,강원,홍천군,홍천아산병원,033-430-5119,Y,강원도 홍천군 홍천읍 산림공원1길 17,37.6911055,127.895432
334,강원,홍천군,홍천군보건소,033-430-4024,Y,강원도 홍천군 홍천읍 신장대로 5,37.6902189,127.8772937
335,강원,화천군,화천군보건의료원,033-442-4424,Y,강원 화천군 화천읍 중리 242-4 화천군보건의료원,38.10757197,127.7091469
336,강원,횡성군,횡성대성병원,033-343-0901,Y,강원도 횡성군 횡성읍 횡성로 275-  ( ),37.47841351,127.9799354
337,강원,횡성군,횡성군보건소,033-340-5707,Y,강원도 횡성군 횡성읍 횡성로 379 (횡성군 종합복지타운),37.48715679,127.9844382
338,충북,괴산군,괴산군보건소,043-832-4000,Y,괴산군 괴산읍 동진천길 43,36.80799723,127.7966873
339,충북,괴산군,괴산성모병원,043-830-5400,Y,충청북도 괴산군 괴산읍 임꺽정로 116-0,36.81562525,127.7841802
340,충북,단양군,단양군보건소,043-420-3263,Y,단양군 단양읍 삼봉로 53,36.98163915,128.3502763
341,충북,단양군,단양군립노인요양병원,043-423-8844,Y,충청북도 단양군 단양읍 별곡6길 10,36.98713678,128.3687933
342,충북,보은군,(의료법인)정민의료재단 보은한양병원,043-544-1500,Y,충청북도 보은군 보은읍 보은로 102-0,36.48326913,127.7182093
343,충북,보은군,보은군보건소,043-540-5601,Y,충청북도 보은군 보은읍 동광길 50,36.48645144,127.7161807
344,충북,영동군,영동병원,043-740-9000,Y,충청북도 영동군 영동읍 대학로 106-0,36.18544365,127.7811201
345,충북,영동군,영동군보건소,043-740-5612,Y,충청북도 영동군 영동읍 반곡동길 7,36.16849628,127.7759673
346,충북,옥천군,옥천성모병원,043-730-7000,Y,충청북도 옥천군 옥천읍 성왕로 1195-0,36.31332861,127.5720099
347,충북,옥천군,옥천군보건소,043-730-2114,Y,충청북도 옥천군 옥천읍 삼양로8길 10,36.30450722,127.5701196
348,충북,음성군,음성군보건소,043-872-2136,Y,충청북도 음성군 음성읍 중앙로49,36.92883979,127.6888781
349,충북,음성군,금왕태성병원,043-883-8800,Y,충청북도 음성군 금왕읍 음성로1230번길 10-0,36.99805763,127.5982005
350,충북,제천시,제천 서울병원,043-642-7609,Y,충청북도 제천시 숭문로 57-0 (서부동),37.13873679,128.2064407
351,충북,제천시,제천시보건소,043-646-2720,Y,충청북도 제천시 의림대로 242 (청전동),37.1493417,128.2160865
352,충북,제천시,명지병원(제천),043-640-8373,Y,충청북도 제천시 내토로 991,37.16343019,128.2339489
353,충북,증평군,증평군보건소,043-835-4220,Y,충청북도 증평군 증평읍 보건복지로 64-1 (증평군보건소),36.77424621,127.586726
354,충북,진천군,진천성모병원,043-533-1711,Y,충청북도 진천군 진천읍 중앙북로 36,36.85844453,127.4405234
355,충북,진천군,진천군보건소,043-539-7333,Y,충청북도 진천군 진천읍 중앙북1길 11-8,36.86061054,127.4396598
356,충북,청주시,상당보건소,043-201-3143,Y,청주시 상당구 남일면 단재로 480,36.58826421,127.5059388
357,충북,청주시,의료법인 인화재단한국병원,043-222-7000,Y,충청북도 청주시 상당구 단재로 106-0 (영운동),36.61985257,127.4962795
358,충북,청주시,의료법인정산의료재단효성병원,043-221-5000,Y,충청북도 청주시 상당구 쇠내로 16-0 (금천동),36.62432393,127.4956203
359,충북,청주시,서원보건소,043-201-3207,Y,청주시 서원구 사직대로 227,36.6376531,127.4697461
360,충북,청주시,충청북도 청주의료원,043-279-2300,Y,충청북도 청주시 서원구 흥덕로 48 (사직동),36.64013897,127.4730876
361,충북,청주시,청주성모병원,043-219-8000,Y,"충청북도 청주시 청원구 주성로 173-19 (주중동,청주성모병원)",36.67353593,127.4856059
362,충북,청주시,청원보건소,043-201-3442,Y,충청북도 청주시 청원구 오창읍 과학산업3로 238,36.71040635,127.4304713
363,충북,청주시,흥덕보건소,043-201-3342,Y,청주시 흥덕구 비하로12번길 46,36.6301698,127.42649
364,충북,청주시,한마음의료재단 하나병원,043-230-6326,Y,충청북도 청주시 흥덕구 2순환로 1262-0 (가경동),36.62352578,127.4309399
365,충북,청주시,베스티안병원,043-910-7575,Y,충청북도 흥덕구 오송읍 오송생명1로 191,36.63642935,127.321641
366,충북,충주시,충주시보건소,043-850-3431,Y,충주시 사직산 21길 34 (문화동),36.97086234,127.9280544
367,충북,충주시,충청북도 충주의료원,043-871-0114,Y,충청북도 충주시 안림로 239-50 (안림동),36.97931421,127.9704037
368,충북,충주시,건국대학교 충주병원,043-840-8200,Y,충청북도 충주시 국원대로 82-0 (교현동),36.9793167,127.9290736
369,충남,계룡시,계룡시보건소,042-840-3507,Y,충청남도 계룡시 장안로 54,36.27305959,127.2500595
370,충남,공주시,충청남도공주의료원,041-962-1111,Y,충청남도 공주시 무령로 77 (웅진동),36.45887769,127.1094955
371,충남,공주시,공주시 보건소,041-840-2524,Y,"충청남도 공주시 봉황로 123 (교동, 공주시보건소)",36.45711741,127.1206564
372,충남,금산군,새금산병원,041-754-8272,Y,충청남도 금산군 금산읍 비단로 183,36.10407276,127.4962034
373,충남,금산군,금산군보건소,041-750-4311,Y,"충청남도 금산군 금산읍 금산로 1559, 0동",36.11206663,127.4916388
374,충남,논산시,백제종합병원,041-733-2191,Y,충청남도 논산시 시민로294번길 14 (취암동),36.19273512,127.0942555
375,충남,논산시,논산시보건소,041-730-4086~7,Y,충청남도 논산시 논산대로 382 (관촉동),36.19607739,127.1035647
376,충남,당진시,당진종합병원,041-357-0100,Y,충청남도 당진시 반촌로 5-15 (시곡동),36.9044083,126.6843227
377,충남,당진시,당진시보건소,041-360-6003,Y,충청남도 당진시 서부로 56 (채운동),36.88735969,126.6304725
378,충남,보령시,보령시보건소,041-930-0900,Y,충청남도 보령시 남포면 보령남로 234,36.32450916,126.6023712
379,충남,보령시,보령아산병원,041-930-5333,Y,충청남도 보령시 죽성로 136 (죽정동),36.38114946,126.6228445
380,충남,부여군,건양대학교 부여병원,041-837-1200,Y,충청남도 부여군 부여읍 계백로 200,36.27500639,126.9022463
381,충남,부여군,부여군보건소,041-830-8600,Y,충청남도 부여군 부여읍 성왕로 205,36.28305231,126.9093363
382,충남,부여군,성요셉연합의원,041-835-7582,Y,충청남도 부여군 부여읍 사비로 78,36.27963591,126.9107928
383,충남,서산시,충청남도서산의료원,041-689-7000,Y,충청남도 서산시 중앙로 149 (석림동),36.77574984,126.4650034
384,충남,서산시,서산시보건소,041-661-8232,Y,"충청남도 서산시 호수공원6로 6 (예천동, 서산시보건소)",36.77457758,126.4445147
385,충남,서천군,서해병원,041-951-8282,Y,충청남도 서천군 서천읍 서천로 184,36.08451476,126.6876018
386,충남,서천군,서천군보건소,041-950-6750,Y,충청남도 서천군 서천읍 사곡길 26,36.08213429,126.6894386
387,충남,아산시,아산충무병원,041-536-6666,Y,충청남도 아산시 문화로 381 (모종동),36.77929242,127.0199471
388,충남,아산시,아산시보건소,041-537-3311,Y,충청남도 아산시 번영로 224번길 20 아산시보건소 ,36.78256694,127.0146097
389,충남,아산시,현대병원,041-546-3636,Y,충남 아산시 시민로 388,36.78310382,127.0010147
390,충남,예산군,의료법인 예당의료재단 예산종합병원,041-330-4000,Y,충청남도 예산군 예산읍 금오대로 94,36.69122633,126.8375589
391,충남,예산군,예산군보건소,041-339-6062,Y,"충청남도 예산군 예산읍 군청로 22, 예산군청",36.68088045,126.8448499
392,충남,천안시,천안시 동남구보건소,041-521-2651,Y,충청남도 천안시 동남구 버들로 34 동남구보건소 ,36.80745491,127.1512771
393,충남,천안시,학교법인동은학원 순천향대학교 부속천안병원,1577-7523,Y,"충청남도 천안시 동남구 순천향6길 31 (봉명동, 5동 (봉명동,순천향대학교병원))",36.80281156,127.1367815
394,충남,천안시,의료법인영서의료재단 천안충무병원,041-570-7555,Y,충청남도 천안시 서북구 다가말3길 8 (쌍용동),36.79742004,127.1314916
395,충남,천안시,충청남도천안의료원(소아청소년과 없음),041-570-7033,Y,충청남도 천안시 동남구 충절로 537 (삼룡동),36.77548822,127.1792761
396,충남,천안시,천안우리병원,041-590-9000,Y,충청남도 천안시 동남구 남부대로 350 (청당동,36.78104298,127.1557127
397,충남,청양군,청양군보건의료원,041-942-3401,Y,충청남도 청양군 청양읍 칠갑산로7길 54,36.45502032,126.8049391
398,충남,태안군,태안군보건의료원,041-671-5315,Y,충청남도 태안군 태안읍 서해로 1952-16,36.75187751,126.3231965
399,충남,홍성군,충청남도 홍성의료원,041-630-6114,Y,충청남도 홍성군 홍성읍 조양로 224,36.59844481,126.6739086
400,충남,홍성군,홍성군보건소,041-632-2588,Y,충청남도 홍성군 홍성읍 문화로 106,36.59664119,126.6630605
401,전북,고창군,고창군보건소,063-560-8711,Y,전라북도 고창군 고창읍 전봉준로 90 ((고창읍 전봉준로 90)),35.44376255,126.6832504
402,전북,고창군,(의)석천재단고창병원,063-560-5600,Y,전라북도 고창군 고창읍 화신1길 9,35.43637957,126.6933215
403,전북,군산시,군산시보건소,063-460-3200,Y,전라북도 군산시 수송동로 58 (수송동),35.96473102,126.7201794
404,전북,군산시,군산의료원,063-472-5000,Y,"전라북도 군산시 의료원로 27 (지곡동,(지곡동, 군산의료원))",35.95493063,126.711918
405,전북,군산시,동군산병원,063-440-0516,Y,전북 군산시 조촌로 149,35.97754825,126.736973
406,전북,김제시,김제시보건소,063-540-1300,Y,전라북도 김제시 성산길 138 (요촌동),35.80080696,126.8833173
407,전북,남원시,남원의료원,063-620-1114,Y,"전라북도 남원시 충정로 365 (고죽동,(고죽동))",35.43217733,127.4067661
408,전북,남원시,남원시보건소,063-625-4000,Y,전라북도 남원시 요천로 1285 (조산동),35.39783988,127.3639897
409,전북,무주군,무주군보건의료원,063-320-8314,Y,"전라북도 무주군 무주읍 한풍루로 413, 무주군보건의료원",36.00588139,127.6716998
410,전북,부안군,부안군보건소,063-584-1261,Y,전라북도 부안군 부안읍 오리정로 124,35.72282849,126.7355846
411,전북,부안군,부안성모병원,063-581-5100,Y,전라북도 부안군 부안읍 오정2길 24,35.72481315,126.7345079
412,전북,순창군,순창군보건의료원,063-650-5352,Y,전라북도 순창군 순창읍 교성로 135 (순창군보건의료원),35.36710521,127.143625
413,전북,완주군,완주군보건소,063-290-3133,Y,전라북도 완주군 삼례읍 삼봉로 215-20,35.92124411,127.092648
414,전북,익산시,익산병원,063-840-9112,Y,"전라북도 익산시 무왕로 969 (신동,(신동))",35.96172774,126.9665525
415,전북,익산시,익산시보건소,063-859-4811,Y,전라북도 익산시 무왕로 975 (신동),35.96098608,126.9664712
416,전북,임실군,임실군보건의료원,063-640-3119,Y,전라북도 임실군 임실읍 호국로 1680,35.6124995,127.2869773
417,전북,장수군,장수군보건의료원,063-350-2119,Y,전라북도 장수군 장수읍 장천로 247,35.65458589,127.5194388
418,전북,전주시,예수병원,063-230-8282,Y,"전라북도 전주시 완산구 서원로 365 (중화산동1가,(중화산동1가, 예수병원))",35.81433164,127.132606
419,전북,전주시,대자인병원,063-250-8703,Y,"전라북도 전주시 덕진구 견훤로 390 (우아동3가,(우아동3가))",35.84599102,127.1533161
420,전북,전주시,전주병원,063-220-7280,Y,"전라북도 전주시 완산구 한두평3길 13 (중화산동2가,(중화산동2가, 전주병원))",35.81516415,127.1247632
421,전북,전주시,전주시보건소(덕진진료실),063-250-3907,Y,전라북도 전주시 덕진구 벚꽃로 55 전주시보건소 덕진진료실,35.82932619,127.1351746
422,전북,전주시,호성전주병원,063-240-8894,Y,전주시 덕진구 동부대로 895,35.86546346,127.1478997
423,전북,정읍시,정읍아산병원,063-530-6000,Y,"전라북도 정읍시 충정로 606-22 (용계동,(용계동))",35.5884443,126.8244771
424,전북,정읍시,정읍시보건소,063-539-6112,Y,전라북도 정읍시 수성1로 61 (수성동),35.57798125,126.854521
425,전북,진안군,진안군보건소,063-430-8560,Y,전라북도 진안군 진안읍 진무로 1189 (진안보건소),35.79730854,127.4347748
426,전북,진안군,진안군의료원,063-430-7119,Y,전라북도 진안군 진안읍 진무로 1145,35.79523425,127.4316375
427,전남,강진군,강진의료원,061-433-2167,Y,전라남도 강진군 강진읍 탐진로 5,34.63749893,126.7581407
428,전남,강진군,강진군보건소,061-430-3592,Y,전라남도 강진군 강진읍 목리길 11,34.63833623,126.77571
429,전남,고흥군,고흥종합병원,061-835-6000,Y,전라남도 고흥군 고흥읍 고흥로 1935,34.62169117,127.2942499
430,전남,고흥군,고흥군보건소,061-830-6688,Y,전라남도 고흥군 고흥읍 등암3길 5,34.5919855,127.2692469
431,전남,고흥군,녹동현대병원,061-840-1200,Y,전남 고흥군 도양읍 차경구렁목길 215,34.54624122,127.1457206
432,전남,곡성군,곡성사랑병원,061-360-6008,Y,전라남도 곡성군 곡성읍 곡성로 761,35.2762788,127.2879496
433,전남,곡성군,곡성군보건의료원,061-360-7563,Y,전라남도 곡성군 곡성읍 곡성로 854,35.27886716,127.2969046
434,전남,광양시,광양사랑병원,061-797-7000,Y,"전라남도 광양시 공영로 71 (중동, (중동))",34.93616324,127.6971527
435,전남,광양시,광양시보건소,061-797-4015,Y,전라남도 광양시 광양읍 인덕로 1100,34.98097674,127.583623
436,전남,구례군,구례병원,061-780-3300,Y,전라남도 구례군 구례읍 동편제길 4,35.21569714,127.4634845
437,전남,구례군,구례군보건의료원,061-780-2673,Y,전라남도 구례군 구례읍 동편제길 30,35.21607284,127.4617801
438,전남,나주시,나주종합병원,061-330-6114,N,"전라남도 나주시 영산로 5419-0 (성북동,나주종합병원)",35.03674475,126.7215617
439,전남,나주시,나주시보건소,061-339-2164,Y,"전라남도 나주시 풍물시장2길 57-32 (이창동, 나주시보건소)",34.99522645,126.708224
440,전남,담양군,담양사랑병원,061-380-9000,Y,전라남도 담양군 담양읍 천변7길 19,35.31530183,126.9825662
441,전남,담양군,담양군보건소,061-380-3972,Y,전라남도 담양군 담양읍 완동길 10-11,35.32502795,126.9812397
442,전남,목포시,목포한국병원,061-270-5800,Y,전라남도 목포시 영산로 483 (상동),34.80906573,126.4165072
443,전남,목포시,목포기독병원,061-280-7500,Y,전라남도 목포시 백년대로 303 (상동),34.80423643,126.4202261
444,전남,목포시,목포중앙병원,061-280-3000,Y,전라남도 목포시 영산로 623 (석현동),34.82080732,126.4213809
445,전남,목포시,목포시의료원,061-260-6500,Y,"전라남도 목포시 이로로 18 (용해동, (용해동))",34.80395364,126.40537
446,전남,목포시,세안종합병원,061-260-6713,Y,"전라남도 목포시 고하대로 795-2 (연산동,(연산동))",34.81692596,126.3802247
447,전남,목포시,전남중앙병원,061-260-3555,Y,전라남도 목포시 고하대로 724 (산정동),34.81040169,126.3757126
448,전남,목포시,목포시보건소,061-277-4000,Y,전라남도 목포시 원산로45번길 5 (산정동),34.80442292,126.3737276
449,전남,무안군,대송의료재단 무안병원,061-450-3111,Y,전라남도 무안군 무안읍 몽탄로 65,34.99171652,126.4887954
450,전남,무안군,무안군보건소,061-450-5021,Y,전라남도 무안군 무안읍 무안로 530,34.99065842,126.4826927
451,전남,보성군,보성아산병원,061-850-3606,Y,전라남도 보성군 미력면 가평길 36-17,34.77597409,127.1034062
452,전남,보성군,보성군보건소,061-850-5684,Y,전라남도 보성군 보성읍 송재로 153,34.77021733,127.0790385
453,전남,보성군,벌교삼호병원,061-859-5051,Y,전라남도 보성군 벌교읍 남하로 12,34.83355138,127.3462327
454,전남,순천시,순천시보건소,061-749-6680,Y,전남 순천시 중앙로 232,34.96667705,127.4860726
455,전남,순천시,순천 성가롤로병원,061-720-2000,Y,전라남도 순천시 순광로 221 (조례동),34.96375005,127.542936
456,전남,순천시,순천의료원,061-759-9440,Y,전라남도 순천시 서문성터길 2 (매곡동),34.95839068,127.4828894
457,전남,신안군,신안군보건소,061-240-8084,Y,전라남도 신안군 압해읍 천사로 1004,34.83360218,126.3514253
458,전남,신안군,신안대우병원,061-262-3301,N,전라남도 신안군 비금면 송치길 155-11,34.72224959,125.9325064
459,전남,여수시,여천전남병원,061-690-6000,Y,"전라남도 여수시 무선로 95 (선원동, (선원동))",34.7690278,127.6542285
460,전남,여수시,여수시보건소,061-659-4252,Y,전라남도 여수시 시청서4길 47 (학동),34.75931698,127.6603855
461,전남,여수시,여수전남병원,061-640-7118,Y,"전남 여수시 좌수영로 49(광무동,전남병원)",34.74512097,127.7281943
462,전남,여수시,여수한국병원,061-689-9119,Y,여수시 여천체육공원길 10,34.76124156,127.6750943
463,전남,여수시,여수제일병원,061-689-8119,Y,여수시 쌍봉로 70,34.76597269,127.6635396
464,전남,영광군,영광종합병원,061-350-8119,Y,전라남도 영광군 영광읍 와룡로 3,35.28410637,126.4980416
465,전남,영광군,영광기독병원,061-350-3000,Y,전라남도 영광군 영광읍 신남로 265,35.2749458,126.5109174
466,전남,영광군,영광군보건소,061-350-5552,Y,전라남도 영광군 영광읍 신남로4길 17,35.27468261,126.5041643
467,전남,영암군,영암병원,061-470-7100,Y,전라남도 영암군 영암읍 오리정길 8,34.79398467,126.701381
468,전남,영암군,영암군보건소,061-470-6536,Y,전라남도 영암군 영암읍 오리정길 39,34.79533941,126.7033414
469,전남,완도군,완도대성병원,061-553-1234,Y,전라남도 완도군 완도읍 청해진동로 63,34.31648955,126.735436
470,전남,완도군,완도군보건의료원,061-550-6767,Y,전라남도 완도군 완도읍 농공단지길 34,34.33582329,126.7313246
471,전남,장성군,장성병원,061-390-9000,Y,전라남도 장성군 장성읍 역전로 171,35.30571429,126.784095
472,전남,장성군,장성군보건소,061-390-8333,Y,전라남도 장성군 장성읍 청운11길 13,35.30454114,126.7824535
473,전남,장흥군,장흥종합병원,061-862-8300,Y,전라남도 장흥군 장흥읍 흥성로 74 (74),34.67713923,126.9113719
474,전남,장흥군,장흥군보건소,061-860-6481,Y,전라남도 장흥군 장흥읍 흥성로 49,34.67646848,126.9083329
475,전남,진도군,진도한국병원,061-542-7575,Y,전라남도 진도군 진도읍 남문길 48,34.48254961,126.2640747
476,전남,진도군,진도군보건소,061-540-6074,Y,전라남도 진도군 진도읍 남동1길 40-9,34.48037351,126.2629165
477,전남,함평군,함평성심병원,061-324-0001,Y,전라남도 함평군 함평읍 영수길 132-  ( ),35.06231404,126.52015
478,전남,함평군,함평군보건소,061-320-2417,Y,전라남도 함평군 함평읍 중앙길 54-8,35.0618959,126.524249
479,전남,해남군,해남종합병원,061-536-4116,Y,전라남도 해남군 해남읍 해남로 45,34.57109724,126.6125105
480,전남,해남군,해남우리종합병원,061-530-7000,Y,전남 해남군 옥천면 해남로 597,34.58437932,126.6469224
481,전남,해남군,해남군보건소,061-531-3745,Y,전라남도 해남군 해남읍 해남로 46,34.57046123,126.6120439
482,전남,화순군,화순전남대학교병원,061-1899-0000,Y,전남 화순군 화순읍 서양로 322,35.06117805,127.0032201
483,전남,화순군,화순군보건소,061-379-5342,Y,전라남도 화순군 화순읍 쌍충로 62,35.05713067,126.9820135
484,경북,경산시,세명병원,053-819-8500,Y,경상북도 경산시 경안로 208 (중방동),35.8266563,128.7372893
485,경북,경산시,경산중앙병원,053-715-0119,Y,경상북도 경산시 경안로 11 (백천동),35.80931838,128.7401298
486,경북,경산시,경산시 보건소,053-810-6314,Y,경상북도 경산시 남매로 158 (중방동),35.82511247,128.7432823
487,경북,경주시,경주시 보건소,054-779-8573,Y,경상북도 경주시 양정로 300 (동천동),35.85948325,129.2246329
488,경북,고령군,고령군보건소,054-954-1300,Y,경북 고령군 대가야읍 왕릉로 56-5 고령군보건소,35.72523517,128.2648137
489,경북,고령군,고령영생병원,054-955-2661,Y,경상북도 고령군 대가야읍 중앙로 33,35.72997811,128.2721569
490,경북,구미시,구미순천향병원,054-468-9114,Y,"경상북도 구미시 1공단로 179 (공단동, (공단동))",36.10341593,128.3821703
491,경북,구미시,구미차병원,054-450-9700,Y,경상북도 구미시 신시로10길 12 (형곡동),36.11459845,128.3407087
492,경북,구미시,구미시 구미보건소,054-480-4032,Y,경상북도 구미시 선산대로 111 (지산동),36.13993514,128.3459537
493,경북,군위군,군위군보건소,054-383-4000,Y,경상북도 군위군 군위읍 군청로 70,36.22965998,128.5699046
494,경북,김천시,김천의료원,054-432-8901,Y,경상북도 김천시 모암길 24 (모암동),36.12266995,128.1260004
495,경북,김천시,김천제일병원,054-420-9440,Y,경상북도 김천시 신음1길 12 (신음동),36.13545403,128.1188241
496,경북,김천시,김천시 보건소,054-433-4000,Y,경상북도 김천시 시청1길 221 (신음동),36.13953454,128.11286
497,경북,김천시,김천소년교도소 부속의원,054-429-5575,Y,경북 김천시 영남대로 1968,36.11744198,128.1441142
498,경북,문경시,문경제일병원,054-550-7700,Y,경상북도 문경시 당교3길 25 (모전동),36.58447542,128.1893287
499,경북,문경시,문경중앙병원,054-555-2011,Y,경상북도 문경시 중앙로 117-18 (점촌동),36.59600353,128.1990814
500,경북,문경시,문경시 보건소,054-555-2033,Y,경상북도 문경시 점촌1길 9 (점촌동),36.59602344,128.1978627
501,경북,봉화군,봉화군 보건소,054-673-4000,Y,경상북도 봉화군 봉화읍 봉화로 1203,36.89071878,128.7418543
502,경북,봉화군,봉화해성병원,054-674-0011,Y,경상북도 봉화군 봉화읍 보밑길 3,36.89169281,128.7335038
503,경북,상주시,상주성모병원,054-532-5001,Y,경상북도 상주시 냉림서성길 7 (냉림동),36.42081409,128.1599764
504,경북,상주시,상주시 보건소,054-535-4000,Y,경상북도 상주시 중앙로 111 (무양동),36.41690111,128.1499972
505,경북,상주시,상주 적십자병원,054-534-3501,Y,경상북도 상주시 상서문로 53 (남성동),36.41442416,128.1551643
506,경북,성주군,성주군보건소,054-933-2400,Y,경상북도 성주군 성주읍 성밖숲길 12,35.91738188,128.2786954
507,경북,안동시,안동시보건소,"054-840-5999,5917",Y,경북 안동시 서동문로 165,36.56699689,128.7302563
508,경북,안동시,안동병원,054-840-1004,Y,경상북도 안동시 앙실로 11 (수상동),36.54672744,128.7010925
509,경북,안동시,안동성소병원,054-850-8114,Y,경상북도 안동시 서동문로 99 (금곡동),36.56715696,128.7228072
510,경북,영덕군,영덕아산병원,054-730-0114,Y,경상북도 영덕군 영해면 영덕로 1621,36.52367971,129.4023435
511,경북,영덕군,영덕군보건소,054-730-6894,Y,경북 영덕군 영덕읍 군청길 53,36.41354512,129.373558
512,경북,영양군,영양군보건소,054-680-5196,Y,경북 영양군 영양읍 동서대로 82,36.66194588,129.1180639
513,경북,영주시,영주시보건소,054-631-4000,Y,경상북도 영주시 시청로1번길 19 (휴천동),36.80612459,128.6216639
514,경북,영주시,영주적십자병원,054-630-0100,Y,경상북도 영주시 대학로 327,36.8252567,128.6040043
515,경북,영천시,영남대학교 영천병원,054-338-9000,Y,경상북도 영천시 오수1길 10 (오수동),35.95709073,128.9127796
516,경북,영천시,영천시 보건소,054-339-7860,Y,경상북도 영천시 옛군청1길 31 (문내동),35.9687455,128.9324014
517,경북,예천군,예천군보건소,054-650-8616,Y,경상북도 예천군 예천읍 군청길 33,36.65769827,128.4529779
518,경북,예천군,예천권병원,054-654-6611,Y,경상북도 예천군 예천읍 시장로 136,36.65737684,128.4589861
519,경북,울릉군,울릉군보건의료원,054-790-6871,Y,경상북도 울릉군 울릉읍 울릉순환로 396-18,37.48594062,130.8994626
520,경북,울진군,울진군의료원,054-785-7015,Y,경상북도 울진군 울진읍 현내항길 71,36.99267279,129.4094958
521,경북,의성군,의성군보건소,054-830-6660,Y,경상북도 의성군 의성읍 북부길 150,36.36751719,128.6842121
522,경북,의성군,공생병원,054-834-3881,Y,경상북도 의성군 의성읍 문소3길 96-0 (공생병원),36.35446147,128.6946955
523,경북,청도군,청도군보건소(치매안심센터),"054-370-6566, 2673",Y,청도군 화양읍 산성강변길 471,35.654342,128.7381579
524,경북,청송군,청송군보건의료원,054-870-7100,Y,경상북도 청송군 청송읍 의료원길 19,36.43113169,129.0518042
525,경북,청송군,경북북부제2교도소 부속의원,054-870-2575,Y,경북 청송군 진보면 양정길 110,36.53053461,129.0547717
526,경북,칠곡군,칠곡군보건소,054-973-4000,Y,경상북도 칠곡군 왜관읍 관문로1길 30,35.99070797,128.4186406
527,경북,포항시,포항시 북구보건소,054-270-4114,Y,경상북도 포항시 북구 삼흥로 98 (장성동),36.07066182,129.3804374
528,경북,포항시,포항시 남구보건소,054-270-4004,Y,경상북도 포항시 남구 동해안로 6119 (인덕동),35.99244094,129.3962244
529,경북,포항시,포항세명 기독병원,054-275-0005,Y,경상북도 포항시 남구 포스코대로 351 (대도동),36.01810033,129.3615685
530,경북,포항시,포항 성모병원,054-272-0151,Y,"경상북도 포항시 남구 대잠동길 17 (대잠동, (대잠동))",36.01580742,129.3399085
531,경남,거제시,의료법인 거붕백병원,055-733-0119,Y,경상남도 거제시 계룡로5길 14 (상동동),34.87365361,128.6256281
532,경남,거제시,의료법인 대우병원,055-680-8119,Y,경상남도 거제시 두모길 16 (두모동),34.87195462,128.722122
533,경남,거제시,거제시 보건소,055-639-6133,Y,경상남도 거제시 수양로 506 (양정동),34.89168757,128.6365604
534,경남,거제시,맑은샘병원,055-736-1004,Y,경상남도 거제시 연초면 거제대로 4477,34.8977261,128.6436575
535,경남,거창군,거창적십자병원,055-944-3251,Y,경상남도 거창군 거창읍 중앙로 91,35.68669196,127.9088661
536,경남,거창군,거창군 보건소,055-940-8337,Y,경상남도 거창군 거창읍 거함대로 3079 (보건소),35.6809354,127.8987277
537,경남,고성군,고성군 보건소,055-670-4013,Y,경상남도 고성군 고성읍 남포로79번길 103-3,34.96957375,128.3154029
538,경남,김해시,김해중앙병원,055-330-6007,Y,경상남도 김해시 분성로 94-8 (외동),35.23073391,128.857075
539,경남,김해시,조은금강병원,055-330-0300,Y,경상남도 김해시 김해대로 1814-37 (삼계동),35.26216311,128.8615464
540,경남,김해시,갑을장유병원,055-310-6114,Y,경상남도 김해시 장유로 167-13 (부곡동),35.2086652,128.8056169
541,경남,김해시,김해시 보건소,055-330-4483,Y,경상남도 김해시 분성로 227 (외동),35.23243378,128.8705459
542,경남,남해군,의료법인이도의료 재단 남해병원,055-863-2201,Y,경상남도 남해군 남해읍 화전로 169,34.84647136,127.8942791
543,경남,남해군,남해군 보건소,055-860-8730,Y,경상남도 남해군 남해읍 선소로 6,34.84474988,127.8987857
544,경남,밀양시,밀양 윤병원,055-354-2200,N,경상남도 밀양시 삼문중앙로 32 (삼문동),35.48463668,128.7556253
545,경남,밀양시,밀양시 보건소,055-359-7015,Y,경상남도 밀양시 삼문중앙로 41 (삼문동),35.48567011,128.7560608
546,경남,사천시,삼천포서울병원,055-830-9009,Y,경상남도 사천시 남일로 33 (동금동),34.93310904,128.0801401
547,경남,사천시,사천시 보건소,055-831-3620,Y,경상남도 사천시 용현면 시청로 77,35.00362054,128.0642064
548,경남,사천시,삼천포 제일병원,055-833-4400,Y,경남 사천시 중앙로136,34.93754047,128.0795117
549,경남,산청군,산청군보건의료원,055-970-7500,Y,경상남도 산청군 산청읍 중앙로 97,35.4160819,127.8842361
550,경남,양산시,양산부산대학교병원,055-360-1476,Y,경상남도 양산시 물금읍 금오로 20,35.32878663,129.0064658
551,경남,양산시,베데스다 병원,055-384-9911,Y,양산시 신기로 28,35.35323336,129.0435995
552,경남,양산시,웅상중앙병원,055-912-1032,N,양산시 서창로 59,35.40635726,129.1645139
553,경남,양산시,양산시 보건소,055-392-5220,Y,경상남도 양산시 삽량로 169 (중부동),35.33573899,129.0249752
554,경남,의령군,의령병원,055-573-4100,Y,경상남도 의령군 의령읍 의병로14길 10,35.31875849,128.2585931
555,경남,의령군,의령군 보건소,055-570-4045,Y,경상남도 의령군 의령읍 의병로8길 16,35.31781883,128.2547694
556,경남,진주시,진주제일병원,055-756-2900,Y,진주시 진주대로 885,35.1793984,128.0899459
557,경남,진주시,진주고려병원,055-751-2525,Y,진주시 동진로 2,35.1783363,128.0922379
558,경남,진주시,진주반도병원,055-749-0679,Y,진주시 남강로 701,35.19175562,128.0881393
559,경남,진주시,진주복음병원,055-749-7119,Y,진주시 진양호로 370,35.18537433,128.0693901
560,경남,진주시,진주세란병원,055-760-7575,Y,진주시 진주대로 829,35.17445508,128.0929806
561,경남,진주시,진주한일병원,055-750-1333,Y,진주시 범골로 17,35.16696429,128.1285481
562,경남,진주시,진주시 보건소,055-749-5714,Y,경상남도 진주시 월아산로 2026 (초전동),35.21469804,128.122903
563,경남,창녕군,태황의료재단 한성병원,055-530-5000,Y,경상남도 창녕군 창녕읍 교리1길 2,35.54214884,128.4933868
564,경남,창녕군,창녕군 보건소,055-530-6217,Y,경상남도 창녕군 창녕읍 우포2로 1189-35,35.54364661,128.4900533
565,경남,창원시 의창구,창원시 창원보건소,055-225-5744,Y,경상남도 창원시 의창구 중앙대로162번길 9 (신월동),35.22785292,128.6855338
566,경남,창원시 마산합포구,SMG연세병원,055-240-7777,Y,창원시 마산합포구 3·15대로 76,35.18631476,128.5616013
567,경남,창원시 진해구,창원시 마산보건소,055-225-5944,Y,"경상남도 창원시 마산합포구 월영동북로 15 (해운동, 마산보건소)",35.18239851,128.5628997
568,경남,창원시 진해구,창원시 진해보건소,055-225-6123,Y,"경상남도 창원시 진해구 진해대로 1101 (풍호동, 진해보건소)",35.13143486,128.7101611
569,경남,창원시 진해구,연세에스병원,055-548-7700,Y,경상남도 창원시 진해구 해원로32번길 13 (이동),35.15473256,128.6983345
570,경남,창원시 진해구,세광병원,055-540-3700,Y,경상남도 창원시 진해구 중원동로 55-1 (중앙동),35.14976071,128.6609268
571,경남,창원시 마산합포구,삼성창원병원,055-233-6121,Y,"경상남도 창원시 마산회원구 팔용로 158 (합성동, 삼성창원병원)",35.24299639,128.5919658
572,경남,창원시 성산구,마산의료원,055-249-1116,Y,경상남도 창원시 마산합포구 3·15대로 231 (중앙동3가),35.19917166,128.56556
573,경남,창원시 성산구,창원경상대학교병원,(주간) 055-214-1000 (야간) 055-214-2119,Y,"경상남도 창원시 성산구 삼정자로 11 (성주동, 창원경상대학교병원)",35.19921371,128.7078069
574,경남,창원시 성산구,한마음창원병원,055-267-2000,Y,경상남도 창원시 성산구 원이대로682번길 21 (상남동),35.22082926,128.6871911
575,경남,창원시,창원파티마병원,055-270-1020,Y,창원시 의창구 창이대로 45,35.23724218,128.6444859
576,경남,통영시,통영적십자병원,055-644-8901,Y,경상남도 통영시 중앙로 97 (서호동),34.84238328,128.4198854
577,경남,통영시,통영시 보건소,055-650-6050,Y,경상남도 통영시 안개4길 108 (무전동),34.85980799,128.4320142
578,경남,하동군,새하동병원,055-880-4200,Y,"경상남도 하동군 하동읍 화심길 39, 새하동병원",35.08304054,127.7385624
579,경남,하동군,하동군 보건소,055-882-4000,Y,경상남도 하동군 하동읍 군청로 31,35.06716634,127.7527472
580,경남,함안군,영동병원,055-586-2000,Y,경상남도 함안군 칠원읍 용산2길 45-13,35.30894909,128.5156025
581,경남,함안군,함안군 보건소,055-580-3113,Y,경상남도 함안군 가야읍 중앙남4길 10,35.27575872,128.4102675
582,경남,함양군,함양성심병원,055-963-4322,Y,경상남도 함양군 함양읍 고운로 70,35.52070303,127.7293125
583,경남,함양군,함양군 보건소,055-960-5334,Y,경상남도 함양군 함양읍 한들로 141,35.5196763,127.7317814
584,경남,합천군,합천군 보건소,055-930-3683,Y,경상남도 합천군 합천읍 동서로 39,35.56792811,128.1567534
585,제주,서귀포,서귀포의료원,064-730-3000,Y,"제주특별자치도 서귀포시 장수로 47 (동홍동,(동홍동))",33.25598099,126.5629489
586,제주,서귀포,서귀포열린병원,064-762-8001,Y,제주특별자치도 서귀포시 일주동로 8638 (동홍동),33.25446592,126.5654254
587,제주,제주시,제주한라병원,064-740-5975,Y,"제주특별자치도 제주시 도령로 65 (연동, (연동))",33.49026617,126.4849197
588,제주,제주시,한마음병원,064-750-9119,Y,"제주특별자치도 제주시 연신로 52 (이도이동,(이도이동))",33.49628681,126.5462386
589,제주,제주시,한국병원,064-750-0119,Y,"제주특별자치도 제주시 서광로 193 (삼도일동, (삼도일동))",33.50039153,126.5167292
590,제주,제주시,중앙병원,064-786-7000,Y,"제주특별자치도 제주시 월랑로 91-0 (이호이동,중앙병원)",33.49232117,126.4704807